epoch,global_step,hs_pos_raw,hs_margin_raw,hs_pos_raw_cf,hs_margin_raw_cf,lphi_real,lphi_cf,lphi_bound_real,vartheta,vartheta_cf
1,1,1.0,17974.037408492135,0.0,-756.2062148618194,65331475457.96875,2748634813.2765207,41879517.71205605,0.20144805386662484,0.08159919977188111
1,2,1.0,35486.34100300873,0.0,-1421.571951559626,242464323400.4686,9713047729.43475,86842697.28266917,0.20391648032236845,0.08159840106964111
1,3,1.0,32057.571831665166,0.0,-1282.2636450345667,197577566468.48935,7902860020.587813,78571448.1919163,0.20399168429212294,0.08159760236740113
1,4,1.0,35275.593458650765,0.0,-1410.9227373596239,239228401990.88187,9568451068.52505,86463598.59524207,0.2039921144946902,0.08159680366516114
1,5,1.0,34675.070609508395,0.0,-1386.9003121317744,231156669209.5047,9245583181.280018,84992670.00069085,0.2039902224525328,0.08159600496292115
1,6,1.0,35722.31786702789,0.0,-1428.7893356094366,245334749914.09113,9812680530.90202,87560515.11907525,0.2039882722757276,0.08159520626068116
1,7,1.0,34090.52767302544,0.0,-1363.517435455728,223437322304.22046,8936813339.223698,83561616.28895915,0.20398629141121488,0.08159440755844116
1,8,1.0,32288.27821502983,0.0,-1291.4277774306586,200441072803.4981,8016999806.067831,79144783.86270195,0.20398429515221136,0.08159360885620118
1,9,1.0,32173.82239292589,0.0,-1286.8488203777642,199026279420.12634,7960407601.202162,78865047.63084221,0.20398232728312984,0.08159281015396119
1,10,1.0,32480.00754642531,0.0,-1299.0967221585051,202836392467.55762,8112808029.188939,79616358.20662959,0.20398033143023359,0.0815920114517212
1,11,1.0,33724.52523527313,0.0,-1348.8756733327655,218682160202.3978,8746604299.992476,82667842.21467489,0.20397837800934282,0.08159121274948121
1,12,1.0,34474.03424352845,0.0,-1378.8548839278596,228514768641.19128,9139882634.95446,84505941.40688767,0.20397639704345238,0.08159041404724121
1,13,1.0,33787.776681888194,0.0,-1351.4039003740236,219511633198.20438,8779768410.539387,82824581.7483012,0.20397442965228066,0.08158961534500123
1,14,1.0,31345.702537249897,0.0,-1253.721302825471,188930721109.41553,7556584965.476738,76839111.77497044,0.20397247712081878,0.08158881664276124
1,15,1.0,32321.07135670355,0.0,-1292.7355639353866,200875079044.49298,8034336000.079413,79230930.25130975,0.20397053948922275,0.08158801794052124
1,16,1.0,32260.15780643622,0.0,-1290.2979448059893,200122332548.85666,8004221021.606591,79082472.94014178,0.20396860232324754,0.08158721923828126
1,17,1.0,32717.953268398327,0.0,-1308.608914851177,205846384014.9917,8233169530.825867,80205501.07256967,0.2039666074298233,0.08158642053604126
1,18,1.0,34438.973833359414,0.0,-1377.4486856293279,228076097694.0815,9122314612.054106,84425278.68268563,0.20396462516791625,0.08158562183380128
1,19,1.0,35104.973259853155,0.0,-1404.0877923847113,236987330929.78827,9478742842.90663,86058782.7452365,0.2039626288652442,0.08158482313156129
1,20,1.0,34365.22500393585,0.0,-1374.4983756725906,227109022460.07147,9083629558.669724,84246212.36468932,0.20396067543029792,0.08158402442932129
1,21,1.0,35028.12361815617,0.0,-1401.013599948282,235959903444.6629,9437646636.216343,85872143.79776096,0.20395868002846837,0.08158322572708131
1,22,1.0,35208.31719307221,0.0,-1408.2208533843175,238398475191.5441,9535182269.159184,86314732.73687972,0.20395668331517372,0.08158242702484131
1,23,1.0,34524.69114393889,0.0,-1380.8759339509563,229234994695.76602,9168658743.768063,84639649.81003866,0.20395470099639568,0.08158162832260132
1,24,1.0,34423.89777483464,0.0,-1376.8433377140302,227902949367.95804,9115372360.939772,84393385.5137189,0.2039527046919464,0.08158082962036134
1,25,1.0,33354.25245858489,0.0,-1334.0591384862607,213964057399.4958,8557850634.639988,81771853.31557795,0.2039507079504449,0.08158003091812134
1,26,1.0,33329.868051966034,0.0,-1333.0827245913952,213655305853.53857,8545494978.153388,81712942.2201549,0.2039487545017852,0.08157923221588136
1,27,1.0,33988.33133784793,0.0,-1359.4204912197015,222184970590.6436,8886662630.322166,83328070.28726853,0.20394675909952711,0.08157843351364136
1,28,1.0,35019.9735395196,0.0,-1400.6851671307427,235882128010.2979,9434520203.592728,85858152.41712663,0.20394476238621906,0.08157763481140137
1,29,1.0,35412.88365678497,0.0,-1416.4007603682394,241209550508.5597,9647601865.570974,86822297.0839625,0.20394276563194072,0.08157683610916139
1,30,1.0,35541.20192724357,0.0,-1421.5342423553104,242965469110.34534,9717839439.403269,87137773.31295818,0.20394078331188195,0.08157603740692139
1,31,1.0,36402.771977889926,0.0,-1455.9956705595062,254892844871.27057,10194907362.753334,89250994.47471824,0.20393878700739265,0.0815752387046814
1,32,1.0,37230.0284092685,0.0,-1489.0837031281392,266614425165.58838,10663736548.727581,91280180.71495436,0.20393681913688969,0.0815744400024414
1,33,1.0,37132.59094346219,0.0,-1485.1860023017846,265225892716.1142,10608196172.535435,91042173.49688667,0.203934823283949,0.08157364130020142
1,34,1.0,38579.27157870333,0.0,-1543.0519205487699,286300398951.87244,11451134070.313719,94590087.54064116,0.20393282655655712,0.08157284259796144
1,35,1.0,37913.22427839162,0.0,-1516.4115992480936,276505548801.61224,11059366549.288967,92957961.10594021,0.20393082980183863,0.08157204389572144
1,36,1.0,37303.66867737228,0.0,-1492.0300273687028,267691189890.8263,10706809310.836407,91464304.03123835,0.20392883304626622,0.08157124519348145
1,37,1.0,37008.49189023538,0.0,-1480.221704115189,263476565013.9206,10538221974.037373,90741515.73446119,0.20392686516166691,0.08157044649124146
1,38,1.0,35610.35500302162,0.0,-1424.296359952289,243949607394.58344,9757178079.93522,87314318.36572796,0.20392489817928552,0.08156964778900147
1,39,1.0,35251.02387652303,0.0,-1409.9234862014441,239055947550.01743,9561440977.78403,86434108.95249268,0.20392290235409863,0.08156884908676149
1,40,1.0,36253.308414152496,0.0,-1450.0143942390928,252848082506.38052,10113101718.234678,88892556.86743827,0.20392092006307397,0.08156805038452149
1,41,1.0,37293.791654924236,0.0,-1491.6320595944048,267575187266.25507,10702147780.38849,91444730.83241668,0.20391893819499188,0.0815672516822815
1,42,1.0,36422.29450382851,0.0,-1456.772750748871,255220581547.22797,10207991997.460133,89308707.11465262,0.20391695634012674,0.0815664529800415
1,43,1.0,37393.95671116187,0.0,-1495.6377966320463,269024793406.3534,10760125684.295828,91692178.78541046,0.20391497448567464,0.08156565427780152
1,44,1.0,38113.38764050217,0.0,-1524.4135772715533,279481353293.8024,11178359992.10662,93457226.95035717,0.20391300706673535,0.08156485557556153
1,45,1.0,37688.00659618727,0.0,-1507.3997033306641,273282979524.09836,10930444341.213339,92415061.69103006,0.203911011227906,0.08156405687332154
1,46,1.0,37060.57411905005,0.0,-1482.3023986721191,264264529484.9528,10569719916.527248,90877472.14744835,0.20390904337195492,0.08156325817108155
1,47,1.0,35705.285790995375,0.0,-1428.0919814356673,245294613575.38187,9810964973.11186,87555005.34807077,0.20390706195496888,0.08156245946884155
1,48,1.0,34754.03380172319,0.0,-1390.043300574243,232403176080.0462,9295337823.90832,85223216.35399033,0.2039050656787006,0.08156166076660157
1,49,1.0,33649.839170924955,0.0,-1345.875693742565,217874155054.93027,8714203683.702274,82516432.42002667,0.20390312668007937,0.08156086206436158
1,50,1.0,34134.55596531785,0.0,-1365.2639675539128,224200499148.8667,8967244093.054188,83705905.4665377,0.2039011461648849,0.08156006336212158
1,51,1.0,32068.687587583263,0.0,-1282.6296691601697,197887506625.1307,7914772690.992985,78640816.16402978,0.20389923652979702,0.0815592646598816
1,52,1.0,31744.52991006979,0.0,-1269.6633650841152,193910932332.74347,7755717021.490151,77846662.55194633,0.20389724249671304,0.0815584659576416
1,53,1.0,33592.54309447087,0.0,-1343.5815809488083,217149381575.95496,8685199394.220037,82379320.90140924,0.2038952458261917,0.08155766725540162
1,54,1.0,32224.94538764903,0.0,-1288.8780242320374,199832259348.79105,7992547853.0416565,79026373.43811737,0.20389327794425025,0.08155686855316163
1,55,1.0,33690.96233898362,0.0,-1347.5174000024344,218432074429.2492,8736498780.798214,82622347.01566748,0.2038912820909521,0.08155606985092163
1,56,1.0,34163.16392278788,0.0,-1366.4043914278805,224602322390.4955,8983290112.333788,83781182.60351588,0.20388928536354906,0.08155527114868165
1,57,1.0,34602.37454946448,0.0,-1383.9725152335895,230419036113.2033,9215946268.121113,84859117.73130539,0.20388728860883024,0.08155447244644165
1,58,1.0,35013.46324771048,0.0,-1400.4152937842507,235931068573.79306,9436410527.060354,85868134.22689494,0.2038853062887577,0.08155367374420167
1,59,1.0,35631.17440760493,0.0,-1425.1227297394464,244333779708.61057,9772499428.965677,87383926.08413734,0.20388333885526777,0.08155287504196168
1,60,1.0,38458.762597542365,0.0,-1538.2229838029489,284657084096.8466,11385339678.677258,94319414.3523299,0.20388135745148364,0.08155207633972168
1,61,1.0,38962.52750019447,0.0,-1558.3730355663909,292169034022.6519,11685800565.467236,95555820.39189368,0.2038793611756279,0.0815512776374817
1,62,1.0,39484.98705253188,0.0,-1579.2698317210336,300062929094.2966,12001532941.194456,96838113.94489385,0.20387736443501994,0.0815504789352417
1,63,1.0,37784.653552847194,0.0,-1511.2582738490426,274781644908.93997,10990336186.110233,92668926.27614142,0.20387538211538836,0.08154968023300171
1,64,1.0,35614.91986956224,0.0,-1424.471201242422,244134540193.6816,9764519339.31376,87348445.35323791,0.20387341468191222,0.08154888153076173
1,65,1.0,34277.15638942529,0.0,-1370.9620637887467,226142868687.9107,9044895582.678574,84068389.17253987,0.20387147658462823,0.08154808282852173
1,66,1.0,34392.36394025396,0.0,-1375.5688697804733,227669867195.9765,9105961844.89162,84351847.25635138,0.20386952496860036,0.08154728412628175
1,67,1.0,32389.918061166474,0.0,-1295.4741108768826,201934142608.0158,8076601036.181651,79441376.04280335,0.20386754405911192,0.08154648542404175
1,68,1.0,30738.983744298628,0.0,-1229.438649636778,181876962506.6891,7274363445.413648,75392944.71566527,0.20386554779870292,0.08154568672180176
1,69,1.0,31108.886093391793,0.0,-1244.2339034052957,186284179968.87347,7450638837.740073,76300960.51155446,0.20386356549407758,0.08154488801956178
1,70,1.0,30431.057299506694,0.0,-1217.123081136212,178258237407.3826,7129631139.122591,74639190.5520456,0.20386158362557047,0.08154408931732178
1,71,1.0,32366.206447988086,0.0,-1294.5255323623637,201654282217.38275,8065406837.48057,79386372.32248789,0.20385958733519216,0.0815432906150818
1,72,1.0,33752.40157762188,0.0,-1349.9706896626435,219301456119.70486,8771243398.742653,82787202.54816325,0.20385760502963024,0.0815424919128418
1,73,1.0,35414.75169228009,0.0,-1416.4613873551361,241439749490.232,9656712842.415728,86865464.45417225,0.20385562316109387,0.08154169321060181
1,74,1.0,37527.189184257746,0.0,-1500.9546167633198,271107037322.92517,10843320590.633707,92047761.25757784,0.20385362687071462,0.08154089450836183
1,75,1.0,39056.77821693939,0.0,-1562.1364430889669,293663426210.99384,11745525441.94893,95800526.69351335,0.2038516301296528,0.08154009580612183
1,76,1.0,39427.6945219016,0.0,-1576.9732031507556,299273500761.10956,11969919584.747807,96711286.96913692,0.20384964781000706,0.08153929710388184
1,77,1.0,42665.351716094694,0.0,-1706.4725387251451,350448504552.83093,14016778331.896679,104653960.5588961,0.20384768037653045,0.08153849840164185
1,78,1.0,41171.555096268814,0.0,-1646.723646346908,326344838667.15515,13052695840.46174,100990796.53089848,0.20384568453724683,0.08153769969940186
1,79,1.0,42595.184016724634,0.0,-1703.6668551587913,349310519440.96765,13971268192.87224,104483876.97351953,0.20384368781028175,0.08153690099716188
1,80,1.0,41391.36861490499,0.0,-1655.5139314517262,329851164242.6758,13192923334.1752,101532154.63343917,0.20384177766857606,0.08153610229492188
1,81,1.0,40230.49904819071,0.0,-1609.0806811715292,311614514137.266,12463500552.111895,98685585.2967745,0.20383981249066008,0.0815353035926819
1,82,1.0,41393.56082676846,0.0,-1655.6015043456923,329898830942.3428,13194828342.899193,101539586.7713784,0.20383783115736265,0.0815345048904419
1,83,1.0,40895.49404984029,0.0,-1635.680595403485,322013986456.77216,12879461159.947054,100318786.42753541,0.20383583488370963,0.08153370618820191
1,84,1.0,42075.29372192404,0.0,-1682.871094822782,340868213762.7275,13633588642.291105,103213902.68529706,0.2038338381431705,0.08153290748596193
1,85,1.0,42178.708835410056,0.0,-1687.0081823592113,342552626767.2113,13700963863.83005,103468608.331706,0.20383184138804117,0.08153210878372193
1,86,1.0,43634.738108955215,0.0,-1745.2442931450757,366617764567.15735,14663490019.956678,107041543.13912882,0.20382988793895562,0.08153131008148194
1,87,1.0,44193.878541937855,0.0,-1767.6076571320918,376080865174.63696,15041981147.334984,108414288.40794578,0.20382790697218411,0.08153051137924194
1,88,1.0,43968.262442968866,0.0,-1758.583181688973,372258123625.66327,14889076081.206385,107861873.53555074,0.20382591070998504,0.08152971267700196
1,89,1.0,45254.96703291389,0.0,-1810.0491063840404,394372430713.94806,15773593176.09772,111019472.92939322,0.20382391396980384,0.08152891397476197
1,90,1.0,44085.46310963351,0.0,-1763.2725401458517,374259952956.5589,14969156580.770563,108151524.277431,0.2038219316501856,0.08152811527252198
1,91,1.0,44200.431715298335,0.0,-1767.8703613905368,376221886445.97534,15047623779.755655,108434632.90173458,0.20381993534571008,0.08152731657028199
1,92,1.0,42822.04866073037,0.0,-1712.738632681217,353129970799.665,14124015731.321962,105054132.74409227,0.20381793860420772,0.08152651786804199
1,93,1.0,42684.06614937987,0.0,-1707.2193941282083,350864368706.58215,14033399210.434818,104716746.68869637,0.20381599959104793,0.08152571916580201
1,94,1.0,41431.03402064072,0.0,-1657.1000965146254,330573372235.69617,13221807034.631184,101643681.60051878,0.2038140046398992,0.08152492046356202
1,95,1.0,41357.08964172265,0.0,-1654.143063736106,329400885436.12317,13174917283.471308,101463269.84611213,0.20381200794068832,0.08152412176132202
1,96,1.0,43107.071485850196,0.0,-1724.1370840454806,357874061734.4127,14313751727.32048,105757638.95046815,0.20381001118685052,0.08152332305908204
1,97,1.0,43584.723596080934,0.0,-1743.2406106904482,365855893803.6887,14632990713.647827,106930587.00759342,0.20380802886680552,0.08152252435684204
1,98,1.0,43445.478906268676,0.0,-1737.670617568916,363529100486.0023,14539921675.006405,106590014.36337835,0.20380603256231664,0.08152172565460206
1,99,1.0,45684.90430785483,0.0,-1827.2407607279642,401979242297.2734,16077802438.309534,112085417.65980853,0.2038040502563138,0.08152092695236207
1,100,1.0,45563.12622756936,0.0,-1822.3695718860577,399846827426.2985,15992507666.345982,111787751.30836333,0.20380205395226372,0.08152012825012207
1,101,1.0,45596.18922190212,0.0,-1823.6923765028077,400435266220.97784,16016046225.016796,111869955.16787562,0.20380005721077468,0.08151932954788209
1,102,1.0,45032.84687687892,0.0,-1801.1560786392033,390608792470.9477,15622982265.35975,110489027.9952174,0.20379811819761529,0.08151853084564209
1,103,1.0,44819.960126140075,0.0,-1792.639365154297,386931560519.0023,15475887543.478664,109967902.42684714,0.20379618098846622,0.0815177321434021
1,104,1.0,45527.115317403215,0.0,-1820.923608358712,399245350258.32336,15968403527.708918,111704042.91682988,0.20379418609369282,0.08151693344116212
1,105,1.0,46108.26477125049,0.0,-1844.1698687605483,409511150983.2803,16379018748.6538,113131034.81524812,0.2037921893962437,0.08151613473892212
1,106,1.0,44570.69437383351,0.0,-1782.6710907473557,382662237240.61,15305142998.807146,109359524.70204724,0.20379019264246093,0.08151533603668214
1,107,1.0,43986.461398622894,0.0,-1759.30355232942,372703427842.0567,14906824550.702013,107927085.40429161,0.20378819588691774,0.08151453733444214
1,108,1.0,44586.32038824242,0.0,-1783.2953632283238,382945493643.3995,15316466598.141184,109400030.90456547,0.20378621356681945,0.08151373863220215
1,109,1.0,43127.693220533045,0.0,-1724.9548165453093,358306601274.2958,14330993425.748085,105822061.13883534,0.2037842172623289,0.08151293992996217
1,110,1.0,42919.94837016344,0.0,-1716.6452908356875,354869876979.00824,14193531914.467627,105313390.15908918,0.203782234956326,0.08151214122772217
1,111,1.0,41072.60019144063,0.0,-1642.7554881323767,324985083975.2214,12998228243.4713,100781569.06313024,0.20378028195877565,0.08151134252548219
1,112,1.0,43030.47968365203,0.0,-1721.06449975205,356713573629.6523,14267259325.817234,105586784.32215436,0.20377830100611463,0.08151054382324219
1,113,1.0,43264.5236684445,0.0,-1730.4242154740548,360611413660.80536,14423148868.368921,106162157.74935484,0.2037763191798564,0.0815097451210022
1,114,1.0,42479.42111608769,0.0,-1699.0212811117121,347649275528.994,13904697571.852175,104236701.98788302,0.20377432289079836,0.08150894641876222
1,115,1.0,41932.329828650516,0.0,-1677.1397533578877,338758550485.772,13549102360.152456,102895349.42881954,0.20377238389177743,0.08150814771652222
1,116,1.0,41542.384076080736,0.0,-1661.5418671464795,332493823918.40564,13298524392.137125,101939482.15259825,0.20377038894107058,0.08150734901428223
1,117,1.0,42735.13787668828,0.0,-1709.2489773347363,351867666741.4591,14073415266.237932,104867404.52456552,0.2037684066773734,0.08150655031204224
1,118,1.0,43421.42125313424,0.0,-1736.6969072790562,363266601711.0745,14529325191.795195,106552556.43281004,0.20376642481014529,0.08150575160980225
1,119,1.0,43263.32527923332,0.0,-1730.3732828884818,360633015056.076,14423991094.084103,106165697.78910732,0.20376445739080676,0.08150495290756227
1,120,1.0,42832.26650651272,0.0,-1713.133184442633,353489403463.6456,14138275338.736055,105108930.63777801,0.20376246155196495,0.08150415420532227
1,121,1.0,42275.38416961301,0.0,-1690.858762025561,344364050746.43604,13773285991.669739,103743395.07266638,0.20376047926051358,0.08150335550308228
1,122,1.0,41602.29895231473,0.0,-1663.9383529109596,333492371861.46515,13338460829.529896,102092660.56126057,0.20375849739241814,0.08150255680084229
1,123,1.0,40752.1124031607,0.0,-1629.9323796355122,320007333508.17957,12799098785.719498,100007290.1716806,0.20375651553755258,0.0815017580986023
1,124,1.0,41839.24812493789,0.0,-1673.4133903032284,337314929897.79517,13491334316.138681,102676241.39318278,0.2037545481186004,0.08150095939636232
1,125,1.0,39304.69471771134,0.0,-1572.0402826269526,297690712310.429,11906511385.856487,96457240.02277985,0.20375258115077047,0.08150016069412232
1,126,1.0,40476.27490739736,0.0,-1618.9013080348227,315708247920.2806,12627163205.285769,99333377.15362562,0.2037505853260383,0.08149936199188233
1,127,1.0,42171.6297104024,0.0,-1686.711985390839,342715675270.3995,13707380602.226997,103495008.40838024,0.20374860303502784,0.08149856328964233
1,128,1.0,41930.99460692694,0.0,-1677.0853829604878,338822188322.7697,13551641489.8891,102905509.57830594,0.2037466211669462,0.08149776458740235
1,129,1.0,41241.60242744225,0.0,-1649.5107334452111,327778961649.8751,13109937827.78435,101214642.78349322,0.2037446393120811,0.08149696588516236
1,130,1.0,42784.013842638895,0.0,-1711.197653591098,352760888503.8761,14109090464.220808,105001294.35350676,0.20374274407062842,0.08149616718292237
1,131,1.0,42682.589980242454,0.0,-1707.1411052062347,351097277059.36304,14042551035.008923,104753401.83636428,0.20374075048734555,0.08149536848068238
1,132,1.0,43812.25398581721,0.0,-1752.3239895466345,369935059732.1659,14795998273.95711,107526931.5798776,0.20373875383088047,0.08149456977844238
1,133,1.0,43048.82561397591,0.0,-1721.788428475077,357162073468.7644,14285118939.689219,105654338.31803136,0.20373677151387837,0.0814937710762024
1,134,1.0,44000.319517686476,0.0,-1759.8444639130907,373131908274.29193,14923849043.24158,107990756.89467083,0.2037348329514842,0.08149297237396241
1,135,1.0,44237.58081901868,0.0,-1769.3345996895916,377174169217.7294,15085529176.884315,108574153.85242605,0.20373283801442194,0.08149217367172241
1,136,1.0,42912.72262369621,0.0,-1716.3445054461602,354927517835.3278,14195742078.3817,105323587.2635662,0.20373088462215097,0.08149137496948243
1,137,1.0,42140.97337802547,0.0,-1685.4768777477843,342282850622.2825,13689998989.57325,103430463.12315616,0.20372890365715493,0.08149057626724243
1,138,1.0,42082.107655266555,0.0,-1683.1216908208908,341333857671.6282,13652036002.390387,103287025.32390417,0.20372692183051122,0.08148977756500245
1,139,1.0,41738.84725558002,0.0,-1669.3904246192194,335794550603.4538,13430469010.454042,102445563.11230463,0.20372493997694105,0.08148897886276246
1,140,1.0,42575.80514991813,0.0,-1702.8649548355093,349403107235.14185,13974752063.472008,104500905.66489501,0.2037229581225294,0.08148818016052246
1,141,1.0,42469.90049976877,0.0,-1698.6307503434139,347673715233.7758,13905597594.112913,104242015.97529086,0.2037209907035914,0.08148738145828248
1,142,1.0,41939.004425784195,0.0,-1677.39622962263,339042510847.1766,13560377262.010338,102939938.54176345,0.20371899486476208,0.08148658275604248
1,143,1.0,44820.92395287079,0.0,-1792.6643466818907,387246803781.50726,15488380081.443768,110014757.37122479,0.2037169981378112,0.0814857840538025
1,144,1.0,45874.405963484394,0.0,-1834.8026093338235,405672515964.42194,16225366990.098162,112601690.61148253,0.2037150158186064,0.08148498535156251
1,145,1.0,45630.37687914246,0.0,-1825.0440537566885,401375911450.4503,16053533325.558653,112003794.62049352,0.20371301951414378,0.08148418664932251
1,146,1.0,44398.51476100497,0.0,-1775.7727720224161,380004494570.79535,15198744558.003962,108981136.3337645,0.20371102277264186,0.08148338794708253
1,147,1.0,44296.20125403253,0.0,-1771.680510486405,378262483708.91205,15129068483.122276,108731084.39169349,0.20370904045298235,0.08148258924484253
1,148,1.0,42319.52560250396,0.0,-1692.6194907833913,345263056593.2758,13809203802.659252,103880157.58399552,0.20370710189050514,0.08148179054260254
1,149,1.0,43364.023476646275,0.0,-1734.3927344297367,362523366864.88983,14499528717.462923,106445139.58346695,0.20370510695344024,0.08148099184036256
1,150,1.0,41210.55392841233,0.0,-1648.2616603122895,327417655308.1047,13095430908.085052,101160092.44506925,0.20370315356116922,0.08148019313812256
1,151,1.0,41991.241026279116,0.0,-1679.4841903608774,339946658264.03357,13596527011.072216,103077546.64666735,0.2037011870316731,0.08147939443588258
1,152,1.0,43900.743813441266,0.0,-1755.8562132354557,371574028935.33765,14861493113.02422,107765970.49794462,0.20369919122063884,0.08147859573364258
1,153,1.0,42626.58129188864,0.0,-1704.896001995267,350325207689.06274,14011632119.189651,104639190.03820881,0.20369719449455656,0.0814777970314026
1,154,1.0,44295.72374999604,0.0,-1771.657357703068,378305157870.19946,15130740453.544062,108737674.07854998,0.20369521217537892,0.08147699832916261
1,155,1.0,46033.442687492054,0.0,-1841.1603388760566,408576782060.8267,16341495664.102936,113004642.77441168,0.20369324474191697,0.08147619962692261
1,156,1.0,46035.99134147487,0.0,-1841.2617964586907,408629932035.67316,16343618509.8164,113012036.52163471,0.2036912633381337,0.08147540092468263
1,157,1.0,44860.2479234375,0.0,-1794.2345188078787,388031284546.72626,15519734728.986181,110126913.77408378,0.20368931036877772,0.08147460222244263
1,158,1.0,44198.388315669035,0.0,-1767.7658337054997,376673418137.079,15065492440.493427,108503133.51531003,0.20368731498149786,0.08147380352020264
1,159,1.0,45607.360057291975,0.0,-1824.1152047923254,401079269331.53174,16041594811.039211,111963196.18349679,0.20368531826865788,0.08147300481796266
1,160,1.0,44218.93604708988,0.0,-1768.586252240953,377038385671.6656,15080075925.707893,108555756.43748145,0.20368333594989407,0.08147220611572266
1,161,1.0,44080.213275168535,0.0,-1763.041095350104,374683890923.8885,14985932682.65313,108216220.21112196,0.20368133964544521,0.08147140741348267
1,162,1.0,44654.44223666302,0.0,-1786.0089914382424,384516978945.5061,15379226451.120535,109627014.94430225,0.20367934290394374,0.08147060871124268
1,163,1.0,46372.11500029001,0.0,-1854.7070857244892,414675287473.78735,16585421284.873814,113845109.98506288,0.20367736058428423,0.08146981000900269
1,164,1.0,43960.48116524054,0.0,-1758.2518459010519,372673057468.8037,14905502235.479088,107925475.47144322,0.2036753642798074,0.0814690113067627
1,165,1.0,43617.15329827371,0.0,-1744.5217927959432,366881956172.2422,14673896005.861559,107083621.03760737,0.203673367538305,0.08146821260452271
1,166,1.0,41612.5566189519,0.0,-1664.3440155957692,333940593552.2541,13356354512.796772,102163152.81897958,0.2036713707831456,0.08146741390228272
1,167,1.0,43355.36900027946,0.0,-1734.0466017049268,362505229291.11694,14498801911.64111,106443071.81067805,0.2036693884630593,0.08146661520004272
1,168,1.0,43411.92497612482,0.0,-1736.3075721492287,363458320575.6266,14536916639.039085,106583078.07787016,0.20366744990056873,0.08146581649780274
1,169,1.0,45216.459399981686,0.0,-1808.4790902437787,394310099557.3763,15770839916.888874,111014639.57302067,0.20366545496350344,0.08146501779556276
1,170,1.0,44381.90656743392,0.0,-1775.1015319132653,379896374326.25824,15194358017.038109,108966740.9790797,0.20366347270023258,0.08146421909332276
1,171,1.0,44029.71068110533,0.0,-1761.015916714686,373898233900.2963,14954465409.075773,108103093.67374235,0.2036614908330178,0.08146342039108277
1,172,1.0,44015.6086117932,0.0,-1760.4513430525478,373665901143.68,14945166759.556278,108069591.6182641,0.20365952341367966,0.08146262168884277
1,173,1.0,43945.74752662413,0.0,-1757.6577739946601,372487933145.492,14898059493.166904,107899135.05650462,0.20365754201033778,0.08146182298660279
1,174,1.0,44796.72766680559,0.0,-1791.6918126571834,387061001648.338,15480908952.959267,109989645.98284802,0.20365554573449587,0.0814610242843628
1,175,1.0,43332.764865310426,0.0,-1733.13775296853,362182734817.20905,14485864656.066492,106396335.24197453,0.20365362117138786,0.0814602255821228
1,176,1.0,44352.05055274433,0.0,-1773.9029880697187,379428836650.50415,15175621985.307125,108900207.96181351,0.20365166997830297,0.08145942687988282
1,177,1.0,44132.15967975687,0.0,-1765.1094909022963,375683284799.8903,15025826154.52544,108361339.38398878,0.2036496746465316,0.08145862817764282
1,178,1.0,43657.30134963967,0.0,-1746.1149808561013,367649216780.5885,14704478142.755894,107196470.71554545,0.20364769237092617,0.08145782947540284
1,179,1.0,44362.870752152565,0.0,-1774.3321692697796,379636034410.006,15183877005.29117,108930064.53209755,0.20364571050332594,0.08145703077316285
1,180,1.0,43417.68726424707,0.0,-1736.5283713743154,363638693509.2135,14544046971.89771,106610267.47181062,0.20364371421297595,0.08145623207092285
1,181,1.0,42531.831287503075,0.0,-1701.097300846138,348958259607.33386,13956886439.525953,104436100.5074242,0.20364171747191506,0.08145543336868287
1,182,1.0,41149.35531399945,0.0,-1645.8042532432214,326647989132.9338,13064570698.317184,101042436.87172174,0.20363973515226932,0.08145463466644287
1,183,1.0,43419.53919877229,0.0,-1736.6030775067034,363691052481.27686,14546146460.487953,106617962.86529206,0.2036377388477929,0.08145383596420289
1,184,1.0,43086.74984934214,0.0,-1723.2943419569808,358144512498.9568,14324320395.764397,105801808.57260011,0.20363574210629054,0.0814530372619629
1,185,1.0,42904.49992709829,0.0,-1716.0043960606233,355127867712.55896,14203661353.061039,105355377.63899085,0.20363377422213094,0.0814522385597229
1,186,1.0,43667.113932467066,0.0,-1746.5083164799282,367871884245.37634,14713389912.5863,107229075.82595545,0.20363177836876348,0.08145143985748292
1,187,1.0,44222.40606038089,0.0,-1768.7158874139927,377294720499.7096,15090249637.333279,108593745.3204783,0.20362978164135825,0.08145064115524292
1,188,1.0,43588.12985086325,0.0,-1743.3466687660575,366556413885.75146,14660756447.874063,107037290.90850641,0.2036278137576392,0.08144984245300294
1,189,1.0,42030.55603545438,0.0,-1681.0488454187607,340834187103.98,13631962805.43923,103213453.21262047,0.2036258323397854,0.08144904375076295
1,190,1.0,43072.943225945484,0.0,-1722.7354305395736,357956349508.03687,14316739445.406008,105774360.82774334,0.2036238504989899,0.08144824504852295
1,191,1.0,43310.00025619958,0.0,-1732.2173917730604,361914475698.22955,14475051258.904446,106357536.61717734,0.20362185420947757,0.08144744634628297
1,192,1.0,44134.095991384136,0.0,-1765.172955218123,375825266087.5066,15031382487.727306,108382495.06156866,0.20361990077494255,0.08144664764404297
1,193,1.0,41470.148818108886,0.0,-1658.6301108644445,331831306220.58777,13271847784.795874,101841459.91774087,0.20361793424412566,0.08144584894180298
1,194,1.0,41498.209194097595,0.0,-1659.752647074228,332286854849.6799,13290067408.843786,101911443.03801954,0.20361598173954987,0.081445050239563
1,195,1.0,39208.465561905425,0.0,-1568.1717274576226,296634854658.0388,11864133318.857748,96289340.32618536,0.20361407297979384,0.081444251537323
1,196,1.0,41288.032161177,0.0,-1651.3462382526634,328941665628.6312,13156269796.811174,101397507.378528,0.20361212228056372,0.08144345283508302
1,197,1.0,40936.206183808834,0.0,-1637.2751434661825,323365969990.7783,12933270270.044247,100534439.27998048,0.2036101269642253,0.08144265413284302
1,198,1.0,43300.603753128664,0.0,-1731.8387467929715,361805389852.8774,14470667267.892365,106342252.53501968,0.20360814468910216,0.08144185543060303
1,199,1.0,41581.895650885206,0.0,-1663.0962371488308,333660069120.50024,13344961314.37762,102122273.79238985,0.203606162821517,0.08144105672836305
1,200,1.0,39597.83487495497,0.0,-1583.7411650556926,302584436513.99976,12102062348.746887,97250644.87043236,0.2036042531441669,0.08144025802612305
1,201,1.0,41457.309697979785,0.0,-1658.1144239463388,331676204734.7622,13265625108.16427,101818445.85843512,0.20360225910976226,0.08143945932388306
1,202,1.0,42819.189869701935,0.0,-1712.5850242130807,353832243395.2251,14151781510.173983,105164238.61708456,0.20360026243919963,0.08143866062164307
1,203,1.0,42820.60454962327,0.0,-1712.6409750707157,353862577875.84674,14152989174.425898,105168745.67416549,0.20359826568625705,0.08143786191940308
1,204,1.0,43155.41171737887,0.0,-1726.0327185608282,359424746039.78845,14375460796.782665,105992103.17664719,0.20359628336624003,0.0814370632171631
1,205,1.0,41618.92443763845,0.0,-1664.5825447245695,334293115916.4237,13370323087.349482,102219491.13397196,0.20359435923925157,0.0814362645149231
1,206,1.0,41389.358977530326,0.0,-1655.3977956402869,330621585059.19257,13223452847.740677,101656755.4446313,0.20359240805979542,0.08143546581268311
1,207,1.0,42200.896856257204,0.0,-1687.8528704563962,343720542837.6733,13747331494.520021,103651037.34421076,0.20359041272844994,0.08143466711044312
1,208,1.0,42146.93543948174,0.0,-1685.692244705401,342848401115.9,13712430608.384052,103519637.84785181,0.20358847375935754,0.08143386840820313
1,209,1.0,43715.99553715006,0.0,-1748.4532157875415,368858226814.4643,14752752556.212317,107374523.8656133,0.2035864788095859,0.08143306970596315
1,210,1.0,43442.76159646247,0.0,-1737.5280553152306,364268901851.50586,14569225983.682785,106704455.21543832,0.20358449654591798,0.08143227100372315
1,211,1.0,42149.89810413393,0.0,-1685.8187618826541,342916656196.67725,13715225514.0582,103529988.09546892,0.20358254354969063,0.08143147230148316
1,212,1.0,44061.896309528056,0.0,-1762.2867568074998,374740070766.93164,14987993605.137896,108227428.66167746,0.20358054816157103,0.08143067359924316
1,213,1.0,45685.32666522315,0.0,-1827.2151283373798,402870484470.301,16113074410.863085,112216139.40918864,0.20357855144870482,0.08142987489700318
1,214,1.0,46159.77272343962,0.0,-1846.1905056685525,411289668393.2288,16449799702.245817,113382641.49927218,0.20357655469444028,0.0814290761947632
1,215,1.0,43890.846257677775,0.0,-1755.445933671636,371857716279.52466,14872716166.679127,107810562.80873205,0.20357461568088164,0.0814282774925232
1,216,1.0,44878.319878059,0.0,-1794.9415884072375,388785857324.2503,15549774237.472788,110237244.10308792,0.2035726351652204,0.08142747879028321
1,217,1.0,45383.314860214865,0.0,-1815.1373871621502,397592198301.1398,15901976478.95356,111478860.95846969,0.2035706677881183,0.08142668008804321
1,218,1.0,44870.50673206017,0.0,-1794.6259507860077,388665218219.3224,15544927184.46896,110220347.91811076,0.2035687008215962,0.08142588138580323
1,219,1.0,45865.858102314705,0.0,-1834.4301524129055,406107502859.57416,16242491869.752253,112666510.58892,0.2035667049969049,0.08142508268356324
1,220,1.0,46995.41808536961,0.0,-1879.6017905661722,426364551225.89777,17052634009.152905,115442421.40774073,0.20356470827039583,0.08142428398132324
1,221,1.0,45538.53941833921,0.0,-1821.3344954455777,400347283716.6648,16012069576.09761,111864747.80685788,0.20356272595120484,0.08142348527908326
1,222,1.0,45172.0424607996,0.0,-1806.6728247109456,393936750399.38226,15755647232.980865,110965591.49441989,0.20356074408224256,0.08142268657684326
1,223,1.0,42816.96721624783,0.0,-1712.487962883948,353938562717.78644,14155963937.503313,105181267.20461491,0.20355876222734992,0.08142188787460328
1,224,1.0,42009.147989702724,0.0,-1680.1764717267265,340715418248.38086,13627079295.272385,103197979.72315991,0.20355683811489658,0.08142108917236329
1,225,1.0,42069.41609303663,0.0,-1682.5844868670606,341700119534.7749,13666445267.108698,103347128.42173076,0.20355487250039475,0.0814202904701233
1,226,1.0,41852.04193201234,0.0,-1673.8876957191128,338184444397.9347,13525811029.542444,102814238.18178171,0.2035529200244538,0.08141949176788331
1,227,1.0,43183.62789853728,0.0,-1727.1430626456668,360053323056.2349,14400448805.943953,106086513.38718802,0.20355092465259317,0.08141869306564331
1,228,1.0,42658.40372515109,0.0,-1706.13582565111,351355144419.0975,14052557167.220797,104797252.8460594,0.20354892794023505,0.08141789436340333
1,229,1.0,42864.96533167842,0.0,-1714.3943343484482,354772850616.4121,14189222390.15815,105305792.73004967,0.20354694562148629,0.08141709566116334
1,230,1.0,43761.96336392757,0.0,-1750.270573605446,369783413580.21783,14789577370.67128,107510512.22524206,0.20354494931703793,0.08141629695892334
1,231,1.0,42475.35859329417,0.0,-1698.8119564355184,348366511282.70306,13932999775.111053,104350746.45438707,0.20354298144653626,0.08141549825668336
1,232,1.0,44102.199480202406,0.0,-1763.8705343575589,375569777866.27374,15020937406.06532,108348682.13288802,0.2035410144645954,0.08141469955444336
1,233,1.0,44426.054325770376,0.0,-1776.8243134764157,381113256663.2335,15242658125.683416,109145405.40745163,0.2035390330749222,0.08141390085220337
1,234,1.0,42950.70337534124,0.0,-1717.821888874666,356227769564.9443,14247398613.34843,105521800.69429998,0.20353706567050722,0.08141310214996339
1,235,1.0,44898.562573720985,0.0,-1795.7230980924246,389278289011.5342,15569229356.377287,110308489.4818418,0.2035350698321318,0.08141230344772339
1,236,1.0,44575.94505843498,0.0,-1782.8189145969766,383711534150.63135,15346575638.513294,109516971.01556271,0.203533087540695,0.0814115047454834
1,237,1.0,44808.75445429735,0.0,-1792.127998026296,387737567355.48737,15507579682.493448,110090058.71323311,0.20353109123710011,0.08141070604324341
1,238,1.0,45613.20793206139,0.0,-1824.3008670702548,401792231176.6317,16069684936.35531,112067684.76226616,0.2035291233666251,0.08140990734100342
1,239,1.0,46661.55606701344,0.0,-1866.2247908516638,420481481241.4901,16817120126.781586,114644603.20906551,0.2035271419491852,0.08140910863876344
1,240,1.0,45706.60327721995,0.0,-1828.0298747533259,403454749963.9302,16136122657.679146,112299459.02004978,0.20352514567290272,0.08140830993652344
1,241,1.0,45888.19040278476,0.0,-1835.2911077541585,406674745035.0813,16264890805.584513,112746759.6195108,0.2035231633677813,0.08140751123428346
1,242,1.0,45755.37600917932,0.0,-1829.9813144656932,404331864257.0757,16171210186.02442,112421565.0479276,0.20352119593475862,0.08140671253204346
1,243,1.0,46114.191378642994,0.0,-1844.3322506723887,410706373318.28204,16426157760.488535,113304290.97763878,0.20351920009548918,0.08140591382980347
1,244,1.0,45625.33502076149,0.0,-1824.7777106466262,402052527777.1099,16080023841.491056,112104299.17600344,0.20351721780402443,0.08140511512756349
1,245,1.0,44984.53213252448,0.0,-1799.1516769379884,390846000876.1785,15631845184.603952,110530866.98613891,0.2035152215004287,0.08140431642532349
1,246,1.0,42288.81012037991,0.0,-1691.3391132571528,345413163889.8784,13814787423.75752,103908238.76127014,0.20351325362995365,0.0814035177230835
1,247,1.0,46042.608713774905,0.0,-1841.4698782149455,409464155332.17285,16376480474.951284,113132926.35362397,0.20351125777701384,0.0814027190208435
1,248,1.0,46021.978771214664,0.0,-1840.6464373078559,409105272250.8954,16362142109.314774,113083356.03906517,0.2035092754851219,0.08140192031860352
1,249,1.0,47294.70457432614,0.0,-1891.5483428032207,432053918553.6444,17279964841.047752,116211808.3133764,0.2035072791815128,0.08140112161636354
1,250,1.0,47832.238583834915,0.0,-1913.0471593988798,441939237291.5737,17675329272.57494,117533858.7953796,0.20350531131103736,0.08140032291412354
1,251,1.0,48957.688508587155,0.0,-1958.0607083481323,462989741405.83514,18517258401.070652,120300515.74983443,0.20350331545809752,0.08139952421188355
1,252,1.0,49102.813931074554,0.0,-1963.860004377467,465747650733.31915,18627509891.086773,120658353.32510494,0.20350131873070568,0.08139872550964355
1,253,1.0,49852.265605452805,0.0,-1993.831126507273,480082747623.3569,19200808884.141895,122501194.14531279,0.2034993219759872,0.08139792680740357
1,254,1.0,49842.29443945331,0.0,-1993.4311650014806,479899927046.13916,19193488454.40148,122477930.70184493,0.20349733965591468,0.08139712810516359
1,255,1.0,49598.14215734541,0.0,-1983.664738431936,475219176533.61017,19006266506.73756,121879191.34293248,0.20349534335142494,0.08139632940292359
1,256,1.0,47961.23322983675,0.0,-1918.2020965539627,444377632798.0334,17772814001.357056,117857976.16267477,0.2034934187874217,0.0813955307006836
1,257,1.0,47388.022970556594,0.0,-1895.2765811994454,433827465242.02686,17350861778.850517,116450583.13640662,0.20349145315880893,0.0813947319984436
1,258,1.0,46694.13810713243,0.0,-1867.5242278988878,421223928885.2327,16846780596.86669,114746591.8879831,0.2034894718114272,0.08139393329620362
1,259,1.0,45697.51693305839,0.0,-1827.662900017484,403442699143.58905,16135610389.088526,112298638.08081415,0.20348750440833385,0.08139313459396363
1,260,1.0,45913.17868889145,0.0,-1836.2892163477636,407267536474.6593,16288590856.269558,112829751.2876006,0.20348552300549963,0.08139233589172364
1,261,1.0,45999.54556395293,0.0,-1839.7379275310307,408809013780.5556,16350193679.425858,113043162.51681997,0.20348352672967357,0.08139153718948365
1,262,1.0,46353.45209491189,0.0,-1853.8899044636796,415131665723.8951,16603045484.005863,113914056.03609258,0.20348154442456645,0.08139073848724365
1,263,1.0,47011.5299321222,0.0,-1880.2042205444675,427010576746.36475,17078088778.595184,115532511.72309326,0.20347956255604427,0.08138993978500367
1,264,1.0,46722.84470227712,0.0,-1868.6579053097375,421790532981.68475,16869311579.321274,114824210.98344143,0.2034775807011654,0.08138914108276368
1,265,1.0,47196.33978284076,0.0,-1887.592486470875,430390905542.28235,17213258156.390236,115989062.05490056,0.20347559884671285,0.08138834238052368
1,266,1.0,48012.18120781195,0.0,-1920.2183673479249,445407651934.80133,17813814232.738415,117995267.38235487,0.20347360255677374,0.0813875436782837
1,267,1.0,47541.453921195214,0.0,-1901.3919874920753,436725240154.6559,17466567260.181824,116839545.89908601,0.20347160581572565,0.0813867449760437
1,268,1.0,46324.798132409254,0.0,-1852.735468391881,414666672437.6762,16584370247.02057,113850540.22402035,0.20346962349608033,0.08138594627380372
1,269,1.0,47512.670054321214,0.0,-1900.235420525106,436213506508.8209,17446046466.68738,116771169.0076512,0.20346762719160394,0.08138514757156373
1,270,1.0,46725.298539138515,0.0,-1868.7514263983178,421883848236.7157,16873001977.059532,114837171.53690034,0.2034656593211014,0.08138434886932373
1,271,1.0,47135.49169165098,0.0,-1885.1603055805303,429332093040.95593,17170923646.570946,115846441.41479407,0.20346367790366063,0.08138355016708375
1,272,1.0,46692.59110315893,0.0,-1867.4481177226096,421310078250.4481,16850099249.179123,114759012.85911766,0.20346168162737813,0.08138275146484375
1,273,1.0,46994.27268267772,0.0,-1879.5056979885687,426779957856.2434,17068787858.978447,115501693.8587202,0.2034596848867568,0.08138195276260377
1,274,1.0,46140.69740910929,0.0,-1845.368288879949,411425383271.9569,16454699009.117174,113404878.31231037,0.20345768813162493,0.08138115406036378
1,275,1.0,46119.95662389299,0.0,-1844.5396445506713,411063468250.60223,16440232738.876213,113355070.6397897,0.2034557202470394,0.08138035535812378
1,276,1.0,44460.54177348606,0.0,-1778.1703267962473,382022645682.7116,15278748223.644688,109277597.0427083,0.20345373882915851,0.0813795566558838
1,277,1.0,44024.324307927556,0.0,-1760.7253205213362,374570573225.3552,14980715544.893608,108206481.42614856,0.20345174255286227,0.0813787579536438
1,278,1.0,42342.86390364049,0.0,-1693.4763505934213,346510905587.8508,13858487679.264051,104074768.57193738,0.20344981798974007,0.08137795925140381
1,279,1.0,44547.764533679016,0.0,-1781.652249059549,383544736744.066,15339564996.903809,109495455.72819456,0.20344785236115484,0.08137716054916383
1,280,1.0,44409.6891383697,0.0,-1776.133687399402,381178398492.5612,15244957822.508835,109157109.67142077,0.20344585657827408,0.08137636184692383
1,281,1.0,44405.2885611259,0.0,-1775.95363636196,381109796474.82025,15242176463.652464,109147541.74621794,0.2034439320305711,0.08137556314468385
1,282,1.0,44504.98013214593,0.0,-1779.940592415574,382830378377.85614,15310991537.658867,109393654.86874396,0.20344193753146791,0.08137476444244385
1,283,1.0,45376.06305043745,0.0,-1814.7784699673362,397970518699.8858,15916505294.92939,111535975.37933968,0.20343998415288317,0.08137396574020386
1,284,1.0,45306.010398392646,0.0,-1811.9819775501087,396750716782.8012,15867764776.304646,111364824.32676323,0.20343798875281494,0.08137316703796388
1,285,1.0,45290.89179195268,0.0,-1811.3744462484174,396493487825.5564,15857453392.371603,111328819.74346898,0.20343600647507523,0.08137236833572388
1,286,1.0,44797.189361000244,0.0,-1791.629707198,387904019068.1991,15513926717.196157,110116378.57128909,0.2034340390429082,0.0813715696334839
1,287,1.0,42846.410064279895,0.0,-1713.6079446183223,354862641271.9512,14192449325.021046,105322163.49688879,0.2034320432036655,0.0813707709312439
1,288,1.0,43446.070454787274,0.0,-1737.5910879442797,364872253217.29816,14592776992.095451,106797266.0959838,0.2034300464767017,0.08136997222900391
1,289,1.0,43301.505816597484,0.0,-1731.8090646142248,362455302841.4678,14496107506.094238,106442941.97899963,0.2034280497219966,0.08136917352676393
1,290,1.0,44243.22171439477,0.0,-1769.4757464365578,378399434187.15546,15133812074.034655,108758909.56198344,0.20342605296642458,0.08136837482452393
1,291,1.0,44239.390666539206,0.0,-1769.3225955284313,378341156838.32983,15131482880.298489,108750608.62232284,0.2034240850818253,0.08136757612228394
1,292,1.0,44489.994047233056,0.0,-1779.34734916888,382647104611.4775,15303714314.648447,109367736.46054804,0.203422103663944,0.08136677742004395
1,293,1.0,44222.28404642315,0.0,-1768.6437561345501,378063481243.85645,15120425088.433401,108710657.6095183,0.20342010738764774,0.08136597871780396
1,294,1.0,42237.91056345438,0.0,-1689.2803875043471,344902041649.91626,13794154890.308468,103833575.61432901,0.20341815395352572,0.08136518001556398
1,295,1.0,41368.6630678901,0.0,-1654.5091359386588,330857570115.6546,13232404437.876038,101698027.31100887,0.2034163173422209,0.08136438131332398
1,296,1.0,41496.41546348924,0.0,-1659.6165994048413,332910613831.6019,13314499904.862387,102013107.9344289,0.20341432559113015,0.08136358261108399
1,297,1.0,42242.32689383687,0.0,-1689.4484834529778,344993283591.342,13797734020.661383,103847854.65845518,0.20341232899192108,0.081362783908844
1,298,1.0,41737.49062310721,0.0,-1669.2631825404446,336803246986.0616,13470220297.007092,102607768.71804637,0.20341036111220814,0.08136198520660401
1,299,1.0,42089.02009005654,0.0,-1683.3163881864177,342507019270.49084,13698289225.344559,103473052.31196879,0.20340836525897965,0.08136118650436402
1,300,1.0,41875.268558233256,0.0,-1674.7675473465215,339043578525.1374,13559773809.342798,102948575.81166223,0.20340636853157879,0.08136038780212403
1,301,1.0,43286.307082124695,0.0,-1731.1992118329488,362284402524.2418,14489259158.498018,106418644.1310146,0.20340437177686002,0.08135958909988404
1,302,1.0,43145.00378608816,0.0,-1725.5463201263453,359929853272.6466,14395077775.736622,106072354.78073587,0.2034024038922874,0.08135879039764404
1,303,1.0,44134.871570358875,0.0,-1765.1371707928563,376642311021.51416,15063495278.32251,108507008.20999043,0.20340040803890702,0.08135799169540406
1,304,1.0,45213.39614761224,0.0,-1808.269588268847,395282679959.5297,15808983273.26937,111159755.62295292,0.20339842574700132,0.08135719299316407
1,305,1.0,43652.756271211445,0.0,-1745.8548263216971,368472857463.7184,14736756296.787432,107323908.61003162,0.2033964583143916,0.08135639429092408
1,306,1.0,42578.22534097418,0.0,-1702.8769891301679,350562569637.2241,14020428242.307222,104683169.94461118,0.20339449134613488,0.08135559558868409
1,307,1.0,41008.04928177636,0.0,-1640.0829963706692,325190243824.5978,13005713455.142523,100823672.77469434,0.2033925099568893,0.08135479688644409
1,308,1.0,41304.48417464804,0.0,-1651.944772084149,329915259746.60785,13194736847.727509,101553428.72913374,0.2033905136814879,0.08135399818420411
1,309,1.0,40737.51787225243,0.0,-1629.2724606692293,320926632401.867,12835267316.54757,100160423.22940461,0.203388531376394,0.08135319948196412
1,310,1.0,41840.96304152187,0.0,-1673.4120321285234,338554612126.2807,13540349196.03031,102874395.23848328,0.20338653507237237,0.08135240077972412
1,311,1.0,40338.08214899026,0.0,-1613.314126409816,314676818482.49554,12585440396.060743,99180162.2115337,0.20338456720188403,0.08135160207748414
1,312,1.0,42045.39563482035,0.0,-1681.5879444154427,341884016052.6161,13673508689.660622,103379168.55474982,0.2033826002199436,0.08135080337524414
1,313,1.0,41408.24053178916,0.0,-1656.102933279545,331607048734.4668,13262465486.030115,101813640.03515585,0.2033806477012702,0.08135000467300416
1,314,1.0,40827.6280021865,0.0,-1632.8766288192007,322379069373.37646,12893358057.599821,100387071.63289768,0.20337865232807417,0.08134920597076417
1,315,1.0,40782.28963943681,0.0,-1631.0678180062616,321669908487.277,12865033748.78367,100276540.25763893,0.20337665561567433,0.08134840726852417
1,316,1.0,39956.32388581034,0.0,-1598.0300618502542,308778139297.66724,12349402914.50012,98246669.66552532,0.20337468773242418,0.08134760856628419
1,317,1.0,41121.783276107184,0.0,-1644.6329821988375,327059908182.4962,13080499379.773855,101113489.6574959,0.20337270631458504,0.08134680986404419
1,318,1.0,42630.44666257598,0.0,-1704.958387100874,351504372206.7985,14058036567.562222,104824343.28938651,0.20337073890928992,0.0813460111618042
1,319,1.0,42730.648616617415,0.0,-1708.9636468271399,353165594927.5171,14124456290.91757,105071777.7032678,0.20336874307088695,0.08134521245956422
1,320,1.0,42086.932642988955,0.0,-1683.2191648597898,342611996851.859,13702377672.481857,103489940.20892629,0.20336674634394938,0.08134441375732422
1,321,1.0,41152.14615419807,0.0,-1645.8292749979416,327567574737.02527,13100659847.519014,101192484.22719255,0.20336482176674464,0.08134361505508424
1,322,1.0,40174.0483809694,0.0,-1606.7041756952945,312187464017.8017,12485497272.025461,98788376.85697457,0.2033628272667195,0.08134281635284424
1,323,1.0,39766.84267672661,0.0,-1590.4167134843954,305896896161.75903,12233899543.699833,97788022.3131638,0.20336083058160626,0.08134201765060425
1,324,1.0,38304.0198177779,0.0,-1531.9130451849128,283811661171.4284,11350631296.089493,94191791.2872509,0.203358833828209,0.08134121894836427
1,325,1.0,38091.85416756972,0.0,-1523.4353575385007,280681555346.01404,11225502220.50761,93671072.95147581,0.2033569381211772,0.08134042024612427
1,326,1.0,38587.21533620142,0.0,-1543.2491834901834,288034895965.54846,11519609538.393532,94890121.37971394,0.20335494452334496,0.08133962154388429
1,327,1.0,40277.024497959566,0.0,-1610.824720638886,313820122616.3095,12550809081.09279,99046657.92934632,0.20335297673742506,0.08133882284164429
1,328,1.0,39711.16745974256,0.0,-1588.1868764509709,305070147690.32135,12200807790.740118,97656158.10524689,0.20335098088712758,0.0813380241394043
1,329,1.0,38904.86604864194,0.0,-1555.938338704426,292813325565.14624,11710603359.122366,95674279.85698028,0.2033489841598183,0.08133722543716432
1,330,1.0,37611.41902642378,0.0,-1504.2154737319977,273672571811.1615,10945147334.627409,92494295.00038777,0.20334700184060234,0.08133642673492432
1,331,1.0,38731.067106583396,0.0,-1548.9980392878294,290214410223.6472,11606744081.370224,95248728.00031933,0.20334504884263907,0.08133562803268433
1,332,1.0,37458.271231557366,0.0,-1498.0984835326087,271458985891.47894,10856675865.178137,92119507.00340462,0.20334308232546505,0.08133482933044434
1,333,1.0,37443.29875647196,0.0,-1497.4965044701114,271247165880.39917,10848179082.850187,92083667.45255663,0.2033411153858157,0.08133403062820435
1,334,1.0,38585.17131304565,0.0,-1543.1638330343867,288048736357.74255,11520133782.427422,94892854.59525195,0.203339148432964,0.08133323192596437
1,335,1.0,39635.8782261874,0.0,-1585.179860311133,303955519473.3317,12156262237.434666,97477939.89192195,0.2033371670441998,0.08133243322372437
1,336,1.0,39462.649248111455,0.0,-1578.2448817796565,301310160267.9886,12050412883.315802,97052930.65814938,0.20333517076881347,0.08133163452148438
1,337,1.0,39239.6058801592,0.0,-1569.3260372610496,297919342397.6726,11914814149.991905,96505426.77457225,0.2033332462057197,0.08133083581924438
1,338,1.0,38361.698210801944,0.0,-1534.2159057056479,284743401415.1627,11387865181.319407,94347240.81251658,0.20333126614163544,0.0813300371170044
1,339,1.0,36514.6391051916,0.0,-1460.349530406619,257988551107.3615,10317873238.34229,89805496.4828761,0.20332935652064477,0.08132923841476442
1,340,1.0,37125.57610553741,0.0,-1484.7887385261079,266698919521.04373,10666272366.69529,91308960.84668924,0.20332739135900113,0.08132843971252442
1,341,1.0,38426.882076676906,0.0,-1536.835734388788,285728532901.0319,11427359704.675117,94510392.86896329,0.2033253955907123,0.08132764101028443
1,342,1.0,38386.00419598855,0.0,-1535.1975003545854,285126425895.48676,11403256533.753332,94410815.00055116,0.2033233988659658,0.08132684230804443
1,343,1.0,38730.92904928753,0.0,-1548.989976961347,290279193653.9895,11609315808.494722,95260124.42701171,0.20332140211132999,0.08132604360580445
1,344,1.0,39151.34739536997,0.0,-1565.8016696335694,296620995720.032,11862928580.547144,96295136.91233218,0.20331940535576015,0.08132524490356446
1,345,1.0,40474.23042720826,0.0,-1618.7007775102743,317010132480.08234,12678304497.788939,99550041.31990014,0.20331746634216075,0.08132444620132447
1,346,1.0,39407.65667810936,0.0,-1576.0422117801243,300528399657.6613,12019124610.298374,96927705.09452808,0.2033155002619981,0.08132364749908448
1,347,1.0,38394.13767256261,0.0,-1535.5157033640867,285274140848.65466,11409110555.271698,94435834.23997156,0.20331360551350489,0.08132284879684448
1,348,1.0,36924.73798174843,0.0,-1476.7554058555172,263861663513.13327,10552794648.563477,90822476.27567239,0.2033116408166268,0.0813220500946045
1,349,1.0,38185.29509659717,0.0,-1527.1666207131557,282190244099.0113,11285799119.03366,93923999.91389588,0.2033096450628619,0.08132125139236451
1,350,1.0,38649.432066470144,0.0,-1545.731775688172,289097588502.4684,11562066665.534575,95066563.91298966,0.20330764833856926,0.08132045269012451
1,351,1.0,36946.823476204,0.0,-1477.6512122029112,264193339436.5873,10566147256.526686,90879354.49253817,0.20330565158394764,0.08131965398788453
1,352,1.0,37097.75912493677,0.0,-1483.6874038497153,266361527826.207,10652860826.559736,91251514.44472101,0.20330365482837826,0.08131885528564453
1,353,1.0,38940.52187756663,0.0,-1557.365356956098,293485679821.3052,11737499495.818129,95785482.2522636,0.20330167250827913,0.08131805658340455
1,354,1.0,38233.206771304176,0.0,-1529.066662276323,282926055511.03345,11315105104.22195,94046657.18080139,0.20329967620378855,0.08131725788116456
1,355,1.0,37627.71908275312,0.0,-1504.8460737836879,274040753258.46225,10959717423.63918,92558320.601573,0.20329773720428537,0.08131645917892456
1,356,1.0,39223.24468265244,0.0,-1568.649711160988,297779278723.77075,11909043068.21436,96484105.50161034,0.20329574225356342,0.08131566047668458
1,357,1.0,38725.7341043562,0.0,-1548.7522501279307,290278695008.1753,11609070228.939928,95261247.79563797,0.2032937599898658,0.08131486177444458
1,358,1.0,39583.97759387531,0.0,-1583.074759693088,303293520302.90204,12129560728.47433,97373416.25438726,0.20329176368713775,0.0813140630722046
1,359,1.0,39949.041210401774,0.0,-1597.6722534603516,308919513124.7533,12354542282.37715,98272442.20533101,0.20328976694569004,0.08131326436996461
1,360,1.0,39604.79562225809,0.0,-1583.9087995069422,303624563308.8945,12142813379.277391,97426532.50328466,0.20328777019053232,0.08131246566772461
1,361,1.0,40784.93323339382,0.0,-1631.1039167981173,321994932747.97205,12877479759.239447,100330687.05892225,0.20328578787044607,0.08131166696548463
1,362,1.0,39734.294797020586,0.0,-1589.0933571301166,305625257913.0958,12222867860.900646,97747055.05114205,0.2032838348724556,0.08131086826324463
1,363,1.0,40263.115489041265,0.0,-1610.2311748250038,313820132722.60394,12550519180.601175,99049084.33537315,0.20328185391978085,0.08131006956100464
1,364,1.0,40116.75012827515,0.0,-1604.3742548339553,311548702369.6766,12459650667.118122,98690019.31501369,0.20327985765802228,0.08130927085876466
1,365,1.0,40168.25032690642,0.0,-1606.431379646433,312355155539.7276,12491883420.051613,98817720.18570672,0.20327786091785485,0.08130847215652466
1,366,1.0,38917.36585587938,0.0,-1556.4063373228748,293209791324.1507,11726219903.702276,95741331.61744781,0.20327586416273713,0.08130767345428468
1,367,1.0,39166.65700174458,0.0,-1566.3764660676356,296984071697.49414,11877164809.6629,96355559.03466517,0.20327386740715225,0.08130687475204468
1,368,1.0,40460.10077058304,0.0,-1618.1071451472926,316929365435.45764,12674849245.720406,99538591.08164822,0.20327187065155272,0.08130607604980469
1,369,1.0,40369.673279397546,0.0,-1614.4943281182598,315520663840.2747,12618538288.345852,99317057.46337834,0.20326987389595277,0.08130527734756471
1,370,1.0,38903.64419692469,0.0,-1555.8697075109299,293026419049.68353,11718975653.532673,95711234.14144102,0.2032678915758527,0.08130447864532471
1,371,1.0,38706.609584488455,0.0,-1547.9901895264104,290071467930.9022,11600804828.442781,95227412.52689803,0.2032658952713621,0.08130367994308473
1,372,1.0,38901.79403968154,0.0,-1555.791423108597,293009779520.61926,11718278234.91008,95708650.08437896,0.2032639274008591,0.08130288124084473
1,373,1.0,37978.466963465224,0.0,-1518.864993575665,279271176411.1397,11168833917.697472,93437983.64108393,0.20326197485441813,0.08130208253860474
1,374,1.0,39627.35273414328,0.0,-1584.8059922495297,304053007822.6053,12159909448.708979,97495786.66556932,0.2032600083513542,0.08130128383636476
1,375,1.0,38096.572726728715,0.0,-1523.6068519571209,281022074752.67865,11238992921.197025,93730338.28170922,0.20325805584764567,0.08130048513412476
1,376,1.0,38738.100080056865,0.0,-1549.2502890064204,290571396685.9295,11620801120.243267,95309841.62297806,0.20325608934591713,0.08129968643188477
1,377,1.0,38753.63326599818,0.0,-1549.8598482372863,290809813998.71063,11630250114.02584,95349113.4671235,0.20325409353575064,0.08129888772964478
1,378,1.0,38572.12147602148,0.0,-1542.6054566176988,288097869250.0753,11521828823.697618,94903400.71313812,0.20325209680969547,0.08129808902740479
1,379,1.0,38871.31694861746,0.0,-1554.5711822905464,292590329521.6199,11701497253.85965,95640484.25486591,0.20325010005501876,0.0812972903251648
1,380,1.0,37918.31812543673,0.0,-1516.4594996083238,278425016806.2109,11134996708.831564,93296591.208765,0.20324810329944765,0.08129649162292481
1,381,1.0,37352.77987956289,0.0,-1493.8412188373172,270187047223.80655,10805529589.857471,91906022.83754967,0.20324612097934847,0.08129569292068482
1,382,1.0,37264.038717628086,0.0,-1490.2954100409086,268910201222.16922,10754486627.162558,91688539.57534477,0.2032441246748579,0.08129489421844482
1,383,1.0,37648.372464233915,0.0,-1505.6607148537666,274490854959.62076,10977635444.518288,92635188.61675356,0.203242142368855,0.08129409551620484
1,384,1.0,38440.26090440228,0.0,-1537.3268293651308,286164939455.2542,11444485717.051004,94584642.36234033,0.20324014606480492,0.08129329681396485
1,385,1.0,38682.09800040726,0.0,-1546.9967512953413,289782501341.9738,11589150512.533445,95180661.22874722,0.20323814932331588,0.08129249811172486
1,386,1.0,38911.49753366706,0.0,-1556.1694835562137,293235427493.75616,11727230643.510902,95746079.99917096,0.20323615256815686,0.08129169940948487
1,387,1.0,38398.906096976294,0.0,-1535.6698899736973,285566261292.09906,11420521878.22855,94485704.77031147,0.20323415581257068,0.08129090070724487
1,388,1.0,37454.57304244316,0.0,-1497.8993647485916,271698613283.9392,10865887311.007975,92162973.41201615,0.20323215905697112,0.08129010200500489
1,389,1.0,37841.96454051166,0.0,-1513.395319486378,277353470840.41296,11092062619.929167,93117123.37827745,0.20323017673687108,0.0812893033027649
1,390,1.0,37154.37576837617,0.0,-1485.899737812353,267371246442.26486,10692868807.310839,91426092.59503824,0.20322820930338029,0.0812885046005249
1,391,1.0,37240.05271713674,0.0,-1489.3235633851682,268610913850.10913,10742426795.59376,91637867.68758488,0.20322622789959613,0.08128770589828492
1,392,1.0,36860.54107320257,0.0,-1474.143287086991,263169131906.15988,10524777812.338865,90704900.6005785,0.2032242316237404,0.08128690719604492
1,393,1.0,37084.84437944766,0.0,-1483.121224131231,266387168173.3223,10653529601.103876,91257676.9476089,0.20322223488313243,0.08128610849380494
1,394,1.0,36224.26424387038,0.0,-1448.700353755401,254172069197.25082,10164987150.118483,89140918.14003332,0.20322026699900075,0.08128530979156495
1,395,1.0,36742.4097216778,0.0,-1469.4175262133172,261500068557.54346,10458016863.114677,90417006.72376841,0.2032183144521339,0.08128451108932495
1,396,1.0,36827.83084633747,0.0,-1472.8288139996896,262722377890.99905,10506867038.202639,90628143.76020287,0.20321631907805682,0.08128371238708497
1,397,1.0,35485.500123139806,0.0,-1419.1378775241456,243923745996.97992,9755010481.587164,87325960.6384806,0.2032144522851286,0.08128291368484497
1,398,1.0,35836.751213821306,0.0,-1433.183990131455,248781375893.51093,9949270434.30633,88191239.04243599,0.20321245959086212,0.08128211498260499
1,399,1.0,35846.95179053311,0.0,-1433.5989260163387,248928105383.29132,9955185816.85078,88217153.54838923,0.20321047739767872,0.081281316280365
1,400,1.0,36122.027292028724,0.0,-1444.5982721879889,252767992148.27847,10108738964.59174,88895002.65180133,0.20320848109715428,0.081280517578125
1,401,1.0,35974.86977674565,0.0,-1438.7103676164825,250717533875.35092,10026719656.627113,88533748.65103583,0.2032064843557754,0.08127971887588502
1,402,1.0,35400.520349410064,0.0,-1415.7393295349793,242780672015.05884,9709296961.509764,87121140.0843144,0.20320448760061982,0.08127892017364502
1,403,1.0,35088.15326460234,0.0,-1403.2485036059186,238519773799.14963,9538904616.045,86353248.21154359,0.20320250528053366,0.08127812147140503
1,404,1.0,35749.35836132031,0.0,-1429.6920598678794,247598658297.6052,9901993163.945885,87981366.93236518,0.20320050897604347,0.08127732276916505
1,405,1.0,36521.743535522306,0.0,-1460.5866458223356,258418421216.5751,10334734669.405542,89883102.81355117,0.2031985122345407,0.08127652406692505
1,406,1.0,35726.627177461276,0.0,-1428.7880643253973,247293709544.03632,9889831224.728008,87927122.75811002,0.20319652991488116,0.08127572536468507
1,407,1.0,35120.52966618966,0.0,-1404.5600631514208,238979139449.15372,9557386838.516403,86436259.1826054,0.20319459135240395,0.08127492666244507
1,408,1.0,35420.755156032676,0.0,-1416.5607054802936,243086953274.98447,9721628697.377203,87176077.05197515,0.20319259641533904,0.08127412796020508
1,409,1.0,36021.893143736095,0.0,-1440.5906095576051,251412419263.48517,10054506799.258512,88656611.0439018,0.20319062858756812,0.0812733292579651
1,410,1.0,36131.45981165192,0.0,-1444.9674138116968,252948961398.66162,10115920390.60226,88927213.86487222,0.2031886327359628,0.0812725305557251
1,411,1.0,35988.5755022578,0.0,-1439.2571197847801,250957317021.66312,10036299413.985817,88576388.23618893,0.20318665044411255,0.08127173185348512
1,412,1.0,35464.414506500994,0.0,-1418.2907917524924,243705006879.9749,9746236345.63598,87287215.63035826,0.20318466857600467,0.08127093315124512
1,413,1.0,34768.01685703633,0.0,-1390.4402359220521,234232525072.2018,9367413576.846699,85574044.71522632,0.20318268672113873,0.08127013444900513
1,414,1.0,34553.219011600086,0.0,-1381.853912743769,231351980679.0308,9252239110.33683,85046158.15477236,0.2031806904311867,0.08126933574676515
1,415,1.0,34928.69949163848,0.0,-1396.8700472941546,236411984036.11218,9454598785.804674,85971192.01904108,0.20317869369013822,0.08126853704452515
1,416,1.0,35176.20387941715,0.0,-1406.7678010728268,239778831512.87982,9589243775.159824,86581282.29786524,0.20317672580599277,0.08126773834228516
1,417,1.0,34694.642620730025,0.0,-1387.5042038012837,233263169299.6526,9328633404.874207,85396866.51779777,0.20317472995262575,0.08126693964004517
1,418,1.0,34522.12509618904,0.0,-1380.6032592981953,230953663873.0321,9236260972.893518,84973081.28449325,0.20317273322522056,0.08126614093780518
1,419,1.0,34255.33448368979,0.0,-1369.9384305030037,227402237237.88745,9094264154.164988,84317234.0060507,0.2031707797770014,0.0812653422355652
1,420,1.0,34695.15843192032,0.0,-1387.531320690067,233283712210.50095,9329499750.759205,85400692.46101572,0.2031688132457569,0.0812645435333252
1,421,1.0,34504.48278288707,0.0,-1379.9094357065242,230730950301.66464,9227432727.726593,84932270.91438007,0.20316690404766746,0.08126374483108521
1,422,1.0,33968.92066000537,0.0,-1358.4909027726837,223628397549.6655,8943385500.208878,83614806.41228585,0.2031649100282397,0.08126294612884521
2,423,1.0,34531.00244490868,0.0,-1380.9689161504289,231094834042.96002,9241977392.927513,84999231.06797871,0.2031629133581451,0.08126214742660523
2,424,1.0,33227.82588659732,0.0,-1328.8599784559046,213985773289.52872,8557801386.6837015,81792109.31839809,0.20316091660521718,0.08126134872436525
2,425,1.0,33534.82028653428,0.0,-1341.1315928170686,217962095374.0688,8716785923.099438,82548717.93511315,0.2031589487207005,0.08126055002212525
2,426,1.0,33868.55404794786,0.0,-1354.4779914046023,222326278391.37546,8891315733.941864,83371058.01855867,0.20315695286732188,0.08125975131988526
2,427,1.0,34335.02027802049,0.0,-1373.1416923658048,228497141000.4123,9138161280.097914,84520109.47804667,0.20315498501091614,0.08125895261764526
2,428,1.0,33591.72142074197,0.0,-1343.4201338484656,218715329586.51743,8746993545.273014,82691206.2186529,0.2031530469004156,0.08125815391540528
2,429,1.0,33935.266551985034,0.0,-1357.1591218170686,223216077877.73035,8926987664.644844,83537768.93171546,0.2031510808484748,0.0812573552131653
2,430,1.0,33872.07448499428,0.0,-1354.6365271001764,222389767636.8696,8893972744.164984,83383070.8983636,0.2031491427943638,0.0812565565109253
2,431,1.0,33608.01106208807,0.0,-1344.0680949412395,218939924786.91165,8755952553.348171,82733927.70796265,0.20314716230868526,0.08125575780868531
2,432,1.0,33448.95364040571,0.0,-1337.699899592171,216876543956.2165,8673387375.123463,82343250.54819952,0.20314516606152033,0.08125495910644531
2,433,1.0,32235.408366733252,0.0,-1289.1724647935337,201429427931.61768,8055654115.824818,79356492.70178945,0.20314316932180895,0.08125416040420533
2,434,1.0,32547.678570584147,0.0,-1301.6518367857175,205354615522.5353,8212574550.197631,80126137.35367781,0.2031411870022054,0.08125336170196534
2,435,1.0,31561.318942911414,0.0,-1262.2082092993044,193100607186.8422,7722527907.356992,77698628.3512659,0.20313919069773032,0.08125256299972534
2,436,1.0,31512.691914427833,0.0,-1260.2562617623385,192509646203.3646,7698850099.932534,77579750.5019968,0.20313719395622798,0.08125176429748536
2,437,1.0,31533.729845130758,0.0,-1261.090078635307,192770379466.13528,7709231218.1515875,77632381.79514639,0.20313519720106857,0.08125096559524536
2,438,1.0,31108.061604317754,0.0,-1244.0622051068215,187604464939.865,7502609215.428085,76585354.77150477,0.2031333014939817,0.08125016689300538
2,439,1.0,31129.142058551057,0.0,-1244.9048161745143,187862487961.14868,7512924317.550446,76638011.0787885,0.20313130789614775,0.08124936819076539
2,440,1.0,30786.179867531213,0.0,-1231.1861905251628,183749329064.7379,7348414554.684924,75794432.8220636,0.20312931123922798,0.0812485694885254
2,441,1.0,30182.38480051582,0.0,-1207.0447669401426,176616081429.2796,7063176969.390677,74308571.78671193,0.20312731448671176,0.08124777078628541
2,442,1.0,29670.809974116193,0.0,-1186.5871302033363,170683167456.20154,6825916227.391498,73049775.37189706,0.20312531773120815,0.08124697208404541
2,443,1.0,30310.01166604753,0.0,-1212.147932993094,178119884895.78622,7123310449.983287,74624263.80033989,0.2031233209756112,0.08124617338180543
2,444,1.0,30555.992016284916,0.0,-1221.9790711924904,181026041957.96927,7239498787.528775,75230683.01492438,0.2031213242200113,0.08124537467956544
2,445,1.0,30935.666089503397,0.0,-1237.1707158605595,185556338255.1993,7420718464.161545,76166203.0211554,0.20311937077091105,0.08124457597732544
2,446,1.0,31013.27265997817,0.0,-1240.2696284102663,186491999653.3595,7458109224.044163,76358097.00044204,0.2031173898041391,0.08124377727508546
2,447,1.0,31502.72693011119,0.0,-1259.8449695834474,192428621717.60757,7695532069.159522,77563963.59886123,0.2031154079774399,0.08124297857284546
2,448,1.0,31900.237633869026,0.0,-1275.740485571409,197319326391.522,7891108870.967481,78543482.10849594,0.20311341168836808,0.08124217987060547
2,449,1.0,32264.95517732471,0.0,-1290.325531072897,201860967287.0178,8072732815.76011,79442269.72667252,0.2031114149473471,0.08124138116836549
2,450,1.0,31953.123168774626,0.0,-1277.8574709046986,197981635526.88257,7917608521.430313,78675346.27135499,0.20310950480520218,0.08124058246612549
2,451,1.0,31798.39091882318,0.0,-1271.6686679909917,196072698348.20877,7841261469.426367,78295132.38201663,0.20310751075627265,0.0812397837638855
2,452,1.0,31384.616900176996,0.0,-1255.1152225699489,191006773247.40768,7638631369.99411,77277134.87309998,0.20310551408525612,0.08123898506164551
2,453,1.0,31184.09432900337,0.0,-1247.0881887054697,188577349319.2888,7541428093.462573,76784226.11753897,0.2031035173322994,0.08123818635940552
2,454,1.0,31136.249771033556,0.0,-1245.1775833958563,188002822746.86346,7518468390.55207,76667176.0928455,0.20310154944778183,0.08123738765716554
2,455,1.0,30282.594878288004,0.0,-1211.0454579437815,177838532556.40012,7112023818.475641,74566065.60776538,0.20309971238490215,0.08123658895492554
