run_id,seed,epoch,train_loss,val_loss,hs_pos_raw,hs_margin_raw
BDIAG,1,1,0.7513209537665049,0.47557709987958274,0.0,-980549046621.4218
BDIAG,1,2,0.4312132133907742,0.38528218229611716,0.0,-921996306053.4597
BDIAG,1,3,0.3873884248027095,0.41373350246747337,0.0,-922178945324.891
BDIAG,1,4,0.373371731404905,0.4229856911500295,0.0,-967982779115.3744
BDIAG,1,5,0.381348251219149,0.37847520343462626,0.0,-977244273135.0142
BDIAG,1,6,0.3806541507597323,0.4119507916768392,0.0,-993570542674.5023
BDIAG,1,7,0.3796586587605653,0.4129407413005829,0.0,-999618151331.7915
BDIAG,1,8,0.36320838310983444,0.3821862541039785,0.0,-999999995904.0
BDIAG,1,9,0.36439949266115823,0.3456125640074412,0.0,-999999995904.0
BDIAG,1,10,0.35727373879927177,0.36721633275349935,0.0,-999999995904.0
BDIAG,1,11,0.35455908553688614,0.38845566964149475,0.0,-999999995904.0
BDIAG,1,12,0.3537135991961868,0.3517542477448781,0.0,-999999995904.0
BDIAG,1,13,0.3468666847546895,0.3560430988470713,0.0,-999999995904.0
BDIAG,1,14,0.3543035163172969,0.36266746282577517,0.0,-999999995904.0
BDIAG,1,15,0.3501643197271559,0.39949268992741904,0.0,-999999995904.0
BDIAG,1,16,0.34647691382302176,0.3510597259203593,0.0,-999999995904.0
BDIAG,1,17,0.3483022289805942,0.36490351184209185,0.0,-999464834518.7488
BDIAG,1,18,0.34894244015658343,0.3809928408463796,0.0,-999999995904.0
BDIAG,1,19,0.3514312185711331,0.3562101135253906,0.0,-999999995904.0
BDIAG,1,20,0.34720156399408975,0.3803183110555013,0.0,-999999995904.0
BDIAG,1,21,0.3438672348393334,0.35911021947860716,0.0,-999724431311.4692
BDIAG,1,22,0.34898371091595404,0.4042232352892558,0.0,-999999995904.0
BDIAG,1,23,0.3449717370669047,0.3468566211859385,0.0,-999999995904.0
BDIAG,1,24,0.33896097323188074,0.3488844516277313,0.0,-999999995904.0
BDIAG,1,25,0.33790080924387333,0.3869434076150258,0.0,-999646643030.1422
BDIAG,1,26,0.3419871122395551,0.33547769792874654,0.0,-999999995904.0
BDIAG,1,27,0.3403849840782307,0.35315388385454816,0.0,-999999995904.0
BDIAG,1,28,0.3369232878420088,0.3435353548526764,0.0,-999999995904.0
BDIAG,1,29,0.3383940547925455,0.33759091957410176,0.0,-999999995904.0
BDIAG,1,30,0.33258504042802034,0.3797036952972412,0.0,-999272284936.4929
BDIAG,1,31,0.33707318772210015,0.3736173744996389,0.0,-999999995904.0
BDIAG,1,32,0.3338901582647253,0.32035558541615805,0.0,-999999995904.0
BDIAG,1,33,0.331487155146069,0.3710679999192556,0.0,-999999995904.0
BDIAG,1,34,0.3296375064496641,0.3293878016471863,0.0,-997572382972.3602
BDIAG,1,35,0.32610744447619827,0.3268041055202484,0.0,-998291058202.6919
BDIAG,1,36,0.3255263270801968,0.3685685843626658,0.0,-999999995904.0
BDIAG,1,37,0.31969282090222395,0.3584818908373515,0.0,-999126574181.9147
BDIAG,1,38,0.3283614973536244,0.3412690834999084,0.0,-999039134715.147
BDIAG,1,39,0.3214042503745468,0.3258080445130666,0.0,-999097378825.7062
BDIAG,1,40,0.32265463086410806,0.3423203669389089,0.0,-998948476995.9431
BDIAG,1,41,0.31100928942362466,0.328820028146108,0.0,-999099618541.8009
BDIAG,1,42,0.31526575788745176,0.3449537386894226,0.0,-996836321134.4076
BDIAG,1,43,0.30916106793615555,0.3372284619808197,0.0,-999999995904.0
BDIAG,1,44,0.3068580255066907,0.3574652850627899,0.0,-999662061849.4786
BDIAG,1,45,0.3058900801870558,0.35585795481999716,0.0,-999507396889.4786
BDIAG,1,46,0.30710931730270385,0.30487662299474083,0.0,-999576273983.0901
BDIAG,1,47,0.3060575287430375,0.3422339319388072,0.0,-999999995904.0
BDIAG,1,48,0.30102041582708006,0.3231321660677592,0.0,-999915364701.4218
BDIAG,1,49,0.2994331194559733,0.33567820994059244,0.0,-999596296318.18
BDIAG,1,50,0.2986345719849622,0.3329272869427999,0.0,-998512146538.7678
BDIAG,1,51,0.298037911635858,0.31023575393358865,0.0,-997479491904.3033
BDIAG,1,52,0.28824451187363376,0.34283740480740865,0.0,-997301457381.3081
BDIAG,1,53,0.291941763498165,0.3390258507728577,0.0,-997581307205.1564
BDIAG,1,54,0.2849896089942367,0.33962689677874247,0.0,-999999995904.0
BDIAG,1,55,0.28420827382582203,0.3637848607699076,0.0,-997668046818.8815
BDIAG,1,56,0.28698374476256194,0.3119454458554586,0.0,-997297921931.5261
BDIAG,1,57,0.2791535788818642,0.2941210361321767,0.0,-990613730347.6777
BDIAG,1,58,0.2765187216952995,0.3086918921470642,0.0,-996252406245.3081
BDIAG,1,59,0.2741505959387179,0.320096701780955,0.0,-998315211169.3649
BDIAG,1,60,0.26946906337914645,0.32692318614323934,0.0,-997011895339.6777
BDIAG,1,61,0.26489299488509144,0.283671812693278,0.0,-994452431857.4408
BDIAG,1,62,0.26413741383729156,0.29896199599901835,0.0,-996458434424.1138
BDIAG,1,63,0.26101852650995605,0.30222264846165975,0.0,-994014898573.9526
BDIAG,1,64,0.2566785046303714,0.29172700889905295,0.0,-992710463429.7631
BDIAG,1,65,0.25315864445545055,0.2744347647825877,0.0,-992289552102.5214
BDIAG,1,66,0.246284175047168,0.2799782250722249,0.0,-996599783074.5782
BDIAG,1,67,0.24755357688444632,0.32123047598203025,0.0,-988612219831.2037
BDIAG,1,68,0.24267490877045525,0.31247104080518084,0.0,-990814759154.654
BDIAG,1,69,0.23729754322988017,0.2842163087129593,0.0,-994004839710.3318
BDIAG,1,70,0.23609440226025052,0.2933268889586131,0.0,-987164688384.0
BDIAG,1,71,0.22970681760929249,0.3158879431088765,0.0,-988845439005.1185
BDIAG,1,72,0.2273043513607096,0.2783487091064453,0.0,-986875522586.6919
BDIAG,1,73,0.21951108756771795,0.2790590145587921,0.0,-991098151572.0189
BDIAG,1,74,0.2186605171362559,0.27931311265627545,0.0,-993463429673.2512
BDIAG,1,75,0.215851997256279,0.2630806815624237,0.0,-989678137246.9384
BDIAG,1,76,0.2064584809674157,0.27713473443190256,0.0,-987194895626.9194
BDIAG,1,77,0.2040868119796117,0.25738130458196007,0.0,-990020262421.8389
BDIAG,1,78,0.20106915407269088,0.2726730213960012,0.0,-986527853563.147
BDIAG,1,79,0.1960578785913962,0.27290069444974263,0.0,-986972066393.782
BDIAG,1,80,0.18974076460467446,0.261825897137324,0.0,-984320087277.8009
BDIAG,1,81,0.18397877340405075,0.2523703000545502,0.0,-985293113392.5308
BDIAG,1,82,0.1798005208770434,0.2679027569293976,0.0,-978432064526.5592
BDIAG,1,83,0.17382925643302777,0.2624764360586802,0.0,-974034625055.545
BDIAG,1,84,0.16757872901580953,0.2427713343699773,0.0,-976829150853.4597
BDIAG,1,85,0.1655336663060718,0.2422821682691574,0.0,-969836323747.7915
BDIAG,1,86,0.15580046949563203,0.24702736540635425,0.0,-946261707635.2606
BDIAG,1,87,0.15174228226697004,0.2536719493865967,0.0,-981445285490.0474
BDIAG,1,88,0.14620548588699764,0.2585082751909892,0.0,-979781663098.5403
BDIAG,1,89,0.14352144252370905,0.2485326362848282,0.0,-950346921702.5214
BDIAG,1,90,0.13680861866915667,0.24122628474235536,0.0,-964065341925.3081
BDIAG,1,91,0.13146495376692877,0.23662713436285654,0.0,-974066359737.6304
BDIAG,1,92,0.12619706719009965,0.24323310728867847,0.0,-956671624837.4597
BDIAG,1,93,0.12241977859426428,0.23874354191621144,0.0,-957506980179.7157
BDIAG,1,94,0.11766318652144185,0.23779162323474884,0.0,-973720896419.7915
BDIAG,1,95,0.11457807157216249,0.235997438510259,0.0,-967409134703.6208
BDIAG,1,96,0.1115188865882379,0.23667993195851644,0.0,-954055956159.6967
BDIAG,1,97,0.10895161730713314,0.23770277086893718,0.0,-969082789460.929
BDIAG,1,98,0.10718815433979034,0.23592598903179168,0.0,-967106533327.4692
BDIAG,1,99,0.10573266338198273,0.23499595741430918,0.0,-944414886130.654
BDIAG,1,100,0.10505006375577715,0.23534046816825865,0.0,-948105722331.6019
